Workbook

Sheet Overview
A1: AI Platform Engineer: 36-Week Plan
A3: Plan start date (Monday) | B3: 46300 | C3: Edit this cell: all dates update
A4: Target hours per week | B4: 11 | C4: Assumption: 10-12 hrs/week alongside a full-time job
A5: Planned end date | B5: =B3+7*36-1 -> 46551
A6: Weeks completed | B6: =COUNTIF('Weekly Plan'!K2:K37,"Done") -> 0
A7: Progress | B7: =B6/36 -> 0
A8: Current week (by date) | B8: =MAX(1,MIN(36,INT((TODAY()-B3)/7)+1)) -> 1 | C8: Based on today's date
A9: Total planned hours | B9: =B4*36 -> 396
A11: How to use
A12: • Yellow cells are inputs. Everything else is calculated.
A13: • Each week ends with a deliverable; mark the week Done only when it is shipped (code merged, CI green, README updated).
A14: • If a week slips, cut scope instead of adding time. Keep the weekly ship.
A15: • Book the CKA exam around Week 15-17. Start applying from Week 28, not Week 36; interviews show remaining gaps.
A16: • GPU cost: rent by the hour and shut down after each session. Set billing alerts before Week 16.
A17: • Pay and demand differ by company and city: check current data for your target titles before applying.
A18: • v2 changes: Phase 3 grows to 10 weeks (adds LLM/GPU basics and multi-GPU inference); Docker and Compose merged; Backstage is now an optional stretch.
A19: Phases
A20: 1. Backend & Linux | B20: Weeks 1-8
A21: 2. Containers & Kubernetes | B21: Weeks 9-15
A22: 3. Model Serving & GPUs | B22: Weeks 16-25
A23: 4. Reliability & Observability | B23: Weeks 26-33
A24: 5. Portfolio & Job Hunt | B24: Weeks 34-36

Sheet Weekly Plan
A1: Week | B1: Phase | C1: Start | D1: End | E1: Focus | F1: Tasks | G1: Resources | H1: Production-grade deliverable | I1: Build in public (LinkedIn / GitHub) | J1: Hrs | K1: Status | L1: Notes
A2: 1 | B2: 1. Backend & Linux | C2: =Overview!$B$3+7*(A2-1) -> 46300 | D2: =C2+6 -> 46306 | E2: Python for services | F2: • Async/await, type hints, pytest, uv/venv • Set up ruff, mypy, pre-commit • Create repo `llm-platform` with CI skeleton | G2: • Python docs: asyncio • Fluent Python (Ramalho), concurrency chapters • pytest docs • ruff + mypy docs | H2: Repo template with lint, type-check, tests; GitHub Actions CI green on every push | I2: GitHub: create public repo `llm-platform` with README roadmap and a PROGRESS.md log LinkedIn: 'Starting a 36-week journey into AI platform engineering' post with the plan and a promise of weekly updates | J2: =Overview!$B$4 -> 11 | K2: Not started
A3: 2 | B3: 1. Backend & Linux | C3: =Overview!$B$3+7*(A3-1) -> 46307 | D3: =C3+6 -> 46313 | E3: FastAPI core | F3: • Routes, Pydantic v2 models, dependency injection • Structured error responses, OpenAPI docs • Write unit + API tests with httpx | G3: • FastAPI official tutorial • Pydantic v2 docs • httpx + pytest-asyncio docs | H3: /health and /v1/chat (stub) with typed schemas, JSON error format, 80%+ coverage | I3: GitHub: commit schemas + tests with clear messages LinkedIn: short post, 3 things Pydantic v2 taught you about typing LLM APIs | J3: =Overview!$B$4 -> 11 | K3: Not started
A4: 3 | B4: 1. Backend & Linux | C4: =Overview!$B$3+7*(A4-1) -> 46314 | D4: =C4+6 -> 46320 | E4: Streaming LLM gateway | F4: • SSE via StreamingResponse; proxy a hosted LLM API • Handle client disconnect, upstream cancel, timeouts • Connect your Next.js chat UI to it | G4: • FastAPI StreamingResponse docs • MDN: Server-sent events • Anthropic / OpenAI streaming API docs | H4: /v1/chat/stream that cancels upstream on disconnect; tested end to end with your UI | I4: LinkedIn: 30-second screen recording of your UI streaming through your own gateway GitHub: tag v0.1.0 | J4: =Overview!$B$4 -> 11 | K4: Not started
A5: 4 | B5: 1. Backend & Linux | C5: =Overview!$B$3+7*(A5-1) -> 46321 | D5: =C5+6 -> 46327 | E5: Auth & multi-tenancy | F5: • Hashed API keys, JWT, per-key usage metering • Threat-check against OWASP API Top 10 • Tests for every auth failure path | G5: • OWASP API Security Top 10 • FastAPI security docs • Passlib/argon2 docs | H5: Keys stored hashed only; usage recorded per key; auth failure tests in CI | I5: LinkedIn: 'API key design mistakes I avoided' (OWASP lessons, no secrets shown) GitHub: add SECURITY.md | J5: =Overview!$B$4 -> 11 | K5: Not started
A6: 5 | B6: 1. Backend & Linux | C6: =Overview!$B$3+7*(A6-1) -> 46328 | D6: =C6+6 -> 46334 | E6: Postgres in production style | F6: • Schema design, SQLAlchemy 2.0 async, Alembic migrations • Indexes and EXPLAIN ANALYZE • Run Postgres as CI service container | G6: • PostgreSQL docs (indexes, EXPLAIN) • SQLAlchemy 2.0 tutorial • Alembic docs | H6: requests/usage tables with versioned migrations; integration tests pass in CI | I6: LinkedIn: one image, a slow query before/after EXPLAIN ANALYZE and the index that fixed it | J6: =Overview!$B$4 -> 11 | K6: Not started
A7: 6 | B7: 1. Backend & Linux | C7: =Overview!$B$3+7*(A7-1) -> 46335 | D7: =C7+6 -> 46341 | E7: Redis: rate limit & cache | F7: • Token-bucket rate limiter (atomic via Lua) • Response caching, idempotency keys • Return 429 with Retry-After | G7: • Redis docs: rate limiter patterns, Lua scripting • redis-py docs | H7: Per-key rate limits that hold under concurrent load; tests prove no races | I7: LinkedIn: how you built a token-bucket limiter and the race condition you caught GitHub: link the test that proves it | J7: =Overview!$B$4 -> 11 | K7: Not started
A8: 7 | B8: 1. Backend & Linux | C8: =Overview!$B$3+7*(A8-1) -> 46342 | D8: =C8+6 -> 46348 | E8: Linux, networking & Ansible | F8: • systemd, processes, ss/curl/dig/tcpdump, TLS, DNS, strace basics • Automate the VM setup with an Ansible playbook (nginx, TLS, systemd unit) • Deploy gateway behind nginx + Let's Encrypt | G8: • The Linux Command Line (Shotts) • Julia Evans' zines • Brendan Gregg: Linux performance page • Ansible docs: getting started; Jeff Geerling: Ansible for DevOps | H8: Gateway live on a VM over HTTPS, built by an idempotent Ansible playbook; RUNBOOK.md | I8: LinkedIn: a Linux debugging story (what curl/tcpdump revealed) GitHub: publish RUNBOOK.md and the Ansible playbook | J8: =Overview!$B$4 -> 11 | K8: Not started
A9: 8 | B9: 1. Backend & Linux | C9: =Overview!$B$3+7*(A9-1) -> 46349 | D9: =C9+6 -> 46355 | E9: Harden & ship v1 | F9: • Structured logging (structlog), 12-factor config • Graceful shutdown, pagination, request IDs • Write README + architecture diagram | G9: • 12factor.net • Release It! (Nygard), stability patterns • Python `structlog` docs | H9: PROJECT 1: Gateway v1.0 tagged release; CI gates lint, types, tests, coverage | I9: LinkedIn: article 'Phase 1: building a streaming LLM gateway' with architecture diagram GitHub: release v1.0.0, pin the repo on your profile | J9: =Overview!$B$4 -> 11 | K9: Not started
A10: 9 | B10: 2. Containers & Kubernetes | C10: =Overview!$B$3+7*(A10-1) -> 46356 | D10: =C10+6 -> 46362 | E10: Docker & Compose, done properly | F10: • Multi-stage builds, non-root user, slim/distroless, .dockerignore, layer caching • Scan images with Trivy in CI • Compose stack (gateway, Postgres, Redis) with healthchecks, profiles, Makefile targets • Integration tests against the stack | G10: • Docker docs: build best practices • Trivy docs • Hadolint • Docker Compose docs • Testcontainers docs | H10: Image under 200 MB, non-root, zero critical CVEs, scan enforced in CI; `make up` boots everything and `make test-integration` passes | I10: LinkedIn: image-size and CVE count before/after hardening your Dockerfile GitHub: polish Makefile and Compose docs | J10: =Overview!$B$4 -> 11 | K10: Not started | L10: v2: Docker and Compose merged into one week.
A11: 10 | B11: 2. Containers & Kubernetes | C11: =Overview!$B$3+7*(A11-1) -> 46363 | D11: =C11+6 -> 46369 | E11: Kubernetes core | F11: • kind cluster; pods, deployments, services, namespaces • kubectl debugging (logs, describe, exec, events) • Begin CKA course labs | G11: • Kubernetes docs: tutorials • Kubernetes Up & Running (Burns et al.) • KodeKloud CKA course | H11: Gateway, Postgres, Redis running on kind via plain manifests | I11: LinkedIn: 'Kubernetes mental model for frontend developers' diagram (your unique angle) | J11: =Overview!$B$4 -> 11 | K11: Not started
A12: 11 | B12: 2. Containers & Kubernetes | C12: =Overview!$B$3+7*(A12-1) -> 46370 | D12: =C12+6 -> 46376 | E12: Config, Helm & Kustomize | F12: • ConfigMaps, Secrets, probes, requests/limits, PodDisruptionBudget • Package with Helm chart; env overlays with Kustomize • Kill pods during traffic | G12: • Kubernetes docs: configure pods, probes, PDB • Helm docs • Kustomize docs • Kubernetes Patterns (Ibryam) | H12: Helm chart + Kustomize overlays (dev/staging/prod); pod-kill test shows zero failed requests | I12: LinkedIn: GIF of killing pods under traffic with zero failed requests | J12: =Overview!$B$4 -> 11 | K12: Not started
A13: 12 | B13: 2. Containers & Kubernetes | C13: =Overview!$B$3+7*(A13-1) -> 46377 | D13: =C13+6 -> 46383 | E13: Ingress, Gateway API, TLS, scaling | F13: • ingress-nginx and Gateway API basics • cert-manager TLS, ExternalDNS • HPA, AKS cluster autoscaler, NetworkPolicy; load test a rollout | G13: • ingress-nginx docs • Kubernetes Gateway API docs • cert-manager docs • ExternalDNS docs | H13: HTTPS ingress with automatic certs and DNS; HPA + node autoscaling; zero-downtime rollout proven with k6 | I13: LinkedIn: k6 graph of a zero-downtime rollout, plus what failed first | J13: =Overview!$B$4 -> 11 | K13: Not started
A14: 13 | B14: 2. Containers & Kubernetes | C14: =Overview!$B$3+7*(A14-1) -> 46384 | D14: =C14+6 -> 46390 | E14: Terraform + AKS + policy scans | F14: • Terraform modules, remote state with locking (Azure Storage) • Provision AKS, ACR, managed Postgres, managed identity • Scan IaC with Checkov/tfsec; PR plans via Atlantis or CI; read about Terragrunt, Pulumi, Crossplane | G14: • HashiCorp Terraform tutorials • Terraform: Up & Running (Brikman) • Azure AKS docs • Checkov docs • Atlantis docs | H14: `terraform apply` builds the full environment; IaC scan blocks insecure changes in CI; teardown script | I14: LinkedIn: 'AKS from zero with Terraform in N minutes' plus one cost lesson GitHub: module READMEs | J14: =Overview!$B$4 -> 11 | K14: Not started
A15: 14 | B15: 2. Containers & Kubernetes | C15: =Overview!$B$3+7*(A15-1) -> 46391 | D15: =C15+6 -> 46397 | E15: GitOps with Argo CD | F15: • CI: GitHub Actions build, test, scan, push to ACR (compare quickly with Azure DevOps, GitLab CI, Jenkins) • Install Argo CD on AKS; app-of-apps and ApplicationSets • Sync waves, health checks, RBAC/SSO, Argo CD Image Updater; know how Flux differs | G15: • Argo CD docs (getting started, ApplicationSet) • GitOps and Kubernetes (Yuen et al.) • GitHub Actions docs: environments • Flux docs (comparison) | H15: Git is the source of truth: merge to main auto-syncs staging, approval promotes prod, rollback via git revert tested | I15: GitHub: make the GitOps repo public (no secrets) LinkedIn: Argo CD sync-tree screenshot + 'what I'd do differently' | J15: =Overview!$B$4 -> 11 | K15: Not started
A16: 15 | B16: 2. Containers & Kubernetes | C16: =Overview!$B$3+7*(A16-1) -> 46398 | D16: =C16+6 -> 46404 | E16: Secrets, policy & supply chain | F16: • Azure Key Vault + External Secrets Operator + workload identity • Kyverno (or OPA Gatekeeper) policies: no root, require limits, signed images only • Sign images with cosign; generate SBOM; Pod Security Standards; Renovate/Dependabot | G16: • External Secrets Operator docs • Kyverno docs • Sigstore/cosign docs • AKS security best practices • CKS curriculum (reference) | H16: PROJECT 2: v2 on AKS: no secrets in Git, policies enforced at admission, signed images, SBOM. Book CKA exam | I16: LinkedIn: article 'Phase 2: from VM to GitOps on AKS' with security checklist GitHub: release v2.0.0 | J16: =Overview!$B$4 -> 11 | K16: Not started
A17: 16 | B17: 3. Model Serving & GPUs | C17: =Overview!$B$3+7*(A17-1) -> 46405 | D17: =C17+6 -> 46411 | E17: LLM & transformer fundamentals | F17: • Tokenization (BPE), embeddings, self-attention (Q/K/V), causal masking, RoPE, GQA • Build nanoGPT following Karpathy; train a tiny model on a free or cheap GPU • PyTorch basics: tensors, autograd, training loop, mixed precision, GPU memory use | G17: • Karpathy: Neural Networks: Zero to Hero (micrograd, Let's build GPT, GPT Tokenizer) • Jay Alammar: The Illustrated Transformer • PyTorch official tutorials • Hugging Face LLM course | H17: nanoGPT repo with training log and notes explaining each block; you can explain attention, KV cache and GQA from a whiteboard | I17: LinkedIn: 'Attention explained for frontend developers' diagram plus your nanoGPT sample output GitHub: publish nanogpt-notes repo | J17: =Overview!$B$4 -> 11 | K17: Not started | L17: New in v2: ML basics that inference roles expect.
A18: 17 | B18: 3. Model Serving & GPUs | C18: =Overview!$B$3+7*(A18-1) -> 46412 | D18: =C18+6 -> 46418 | E18: Inference fundamentals | F18: • Prefill vs decode, KV cache, GQA, batching, attention memory • Compute KV cache size per token • Estimate max concurrency for an 8B model • Dense vs MoE memory math; arithmetic intensity and the roofline model | G18: • kipply: Transformer Inference Arithmetic • Lilian Weng: Large Transformer Model Inference Optimization • Hugging Face LLM inference guide • Vishakha Sadhwani: The AI Inference Engineering Roadmap (use as a checklist) | H18: Notebook computing weights + KV cache memory and max concurrency on 24 GB vs 80 GB GPU | I18: LinkedIn: infographic 'How much memory does an LLM really need?' using your KV cache math | J18: =Overview!$B$4 -> 11 | K18: Not started
A19: 18 | B19: 3. Model Serving & GPUs | C19: =Overview!$B$3+7*(A19-1) -> 46419 | D19: =C19+6 -> 46425 | E19: GPU basics & first kernel | F19: • Memory hierarchy, bandwidth- vs compute-bound • nvidia-smi, DCGM metrics, GPU selection • Write one simple kernel (vector add, then tiled matmul) in Triton or CUDA and profile it | G19: • How to Think About GPUs (jax-ml scaling book) • Horacio He: Making Deep Learning Go Brrrr • NVIDIA CUDA programming guide, intro • GPU MODE lectures (YouTube) • Programming Massively Parallel Processors (Hwu, Kirk), early chapters • Triton tutorials | H19: Comparison table: L4 / A10 / A100 / H100 on memory, bandwidth, $/hr, fit for 8B-70B; plus kernel repo with a profiler screenshot | I19: LinkedIn: GPU comparison table (memory, bandwidth, $/hr) and which you'd pick for 8B | J19: =Overview!$B$4 -> 11 | K19: Not started
A20: 19 | B20: 3. Model Serving & GPUs | C20: =Overview!$B$3+7*(A20-1) -> 46426 | D20: =C20+6 -> 46432 | E20: Serve with vLLM | F20: • Run vLLM OpenAI-compatible server on rented GPU • Tune max-model-len, gpu-memory-utilization • Place behind your gateway with streaming | G20: • vLLM docs (quickstart, serving) • PagedAttention paper • RunPod / Lambda Labs docs | H20: Self-hosted model streaming through gateway with health checks and timeouts | I20: LinkedIn: demo video of a self-hosted model streaming through your gateway | J20: =Overview!$B$4 -> 11 | K20: Not started
A21: 20 | B21: 3. Model Serving & GPUs | C21: =Overview!$B$3+7*(A21-1) -> 46433 | D21: =C21+6 -> 46439 | E21: Benchmarking | F21: • Measure TTFT, inter-token latency, throughput, concurrency 1-128 • Use vLLM benchmark scripts or GenAI-Perf • Fix a repeatable test harness | G21: • vLLM benchmarks docs • NVIDIA GenAI-Perf docs • Locust docs | H21: Reproducible benchmark script + committed results and charts | I21: LinkedIn: benchmark chart, TTFT vs concurrency GitHub: commit benchmarks/ with scripts and CSVs | J21: =Overview!$B$4 -> 11 | K21: Not started
A22: 21 | B22: 3. Model Serving & GPUs | C22: =Overview!$B$3+7*(A22-1) -> 46440 | D22: =C22+6 -> 46446 | E22: Quantization & optimization | F22: • FP8, AWQ, GPTQ; prefix caching; speculative decoding • Check quality with lm-evaluation-harness • Pick a recommended config | G22: • vLLM quantization docs • AWQ paper • EleutherAI lm-evaluation-harness | H22: Table of speed, memory, and quality across configs, with a justified recommendation | I22: LinkedIn: quantization trade-off table; ask readers which trade-off they'd choose | J22: =Overview!$B$4 -> 11 | K22: Not started
A23: 22 | B23: 3. Model Serving & GPUs | C23: =Overview!$B$3+7*(A23-1) -> 46447 | D23: =C23+6 -> 46453 | E23: Multi-GPU & distributed inference | F23: • Tensor vs pipeline vs expert parallelism: when each fits; NVLink vs PCIe impact • Collectives (all-reduce, all-gather) and NCCL basics; read GPU topology with `nvidia-smi topo -m` • Run vLLM with tensor-parallel-size 2 on a 2-GPU rental; compare TP=1 vs TP=2 on throughput and latency | G23: • Hugging Face: The Ultra-Scale Playbook • Google/JAX: How to Scale Your Model • vLLM docs: parallelism and scaling • NVIDIA NCCL docs (overview) • Megatron-LM paper (tensor parallelism) | H23: Benchmark of TP=1 vs TP=2, including a model that only fits with TP=2; scaling-efficiency chart and a one-page note on communication cost | I23: LinkedIn: scaling-efficiency chart, 'What a second GPU actually buys you' GitHub: add results to benchmarks/ | J23: =Overview!$B$4 -> 11 | K23: Not started | L23: New in v2: multi-GPU work is a core inference-engineer skill; needs a 2-GPU rental, so budget for it.
A24: 23 | B24: 3. Model Serving & GPUs | C24: =Overview!$B$3+7*(A24-1) -> 46454 | D24: =C24+6 -> 46460 | E24: Alternatives, routing & canary | F24: • Try SGLang (prefix cache) against vLLM; skim TGI, TensorRT-LLM and Triton docs • Model router: self-hosted vs hosted by policy, with fallback • Canary a new model version with Argo Rollouts and metric analysis • Read NVIDIA Dynamo and llm-d docs: cache-aware routing, prefill/decode disaggregation | G24: • SGLang docs • Hugging Face TGI docs • NVIDIA Triton docs • Argo Rollouts docs • NVIDIA Dynamo docs • llm-d docs • TensorRT-LLM docs | H24: Gateway routes by policy; new model version promoted via automated canary and rolled back on bad metrics | I24: LinkedIn: screenshot of an Argo Rollouts canary promoting or aborting a model version | J24: =Overview!$B$4 -> 11 | K24: Not started
A25: 24 | B25: 3. Model Serving & GPUs | C25: =Overview!$B$3+7*(A25-1) -> 46461 | D25: =C25+6 -> 46467 | E25: GPUs on Kubernetes & MLOps tooling | F25: • AKS GPU node pool, taints/tolerations, NVIDIA GPU Operator • Weights cache on PVC; KServe or Ray Serve; KEDA on queue depth and KV-cache usage (not CPU) • Track model versions in MLflow registry; know where Kubeflow fits | G25: • NVIDIA GPU Operator docs • KServe docs • KEDA docs • MLflow docs • Kubeflow docs (awareness) | H25: vLLM as a Kubernetes deployment (via Argo CD) with cached weights, queue-based scaling, registered model version | I25: LinkedIn: 'GPU on AKS gotchas' short list from what actually broke | J25: =Overview!$B$4 -> 11 | K25: Not started
A26: 25 | B26: 3. Model Serving & GPUs | C26: =Overview!$B$3+7*(A26-1) -> 46468 | D26: =C26+6 -> 46474 | E26: Cost & capacity | F26: • Cost per 1M tokens, utilization, batch vs realtime • Install OpenCost/Kubecost for per-namespace cost • Capacity plan; self-host vs API break-even | G26: • OpenCost docs • Chip Huyen: AI Engineering (inference chapters) • Google SRE Workbook: capacity | H26: PROJECT 3: Serving platform report: benchmarks, cost model, OpenCost dashboard, recommended config | I26: LinkedIn: article 'What it costs to serve an 8B model' with cost per 1M tokens GitHub: publish the report | J26: =Overview!$B$4 -> 11 | K26: Not started
A27: 26 | B27: 4. Reliability & Observability | C27: =Overview!$B$3+7*(A27-1) -> 46475 | D27: =C27+6 -> 46481 | E27: Tracing & the Grafana stack | F27: • OpenTelemetry in FastAPI; trace propagation • Collector -> Tempo (traces) and Loki (logs) • Scrape vLLM Prometheus metrics | G27: • OpenTelemetry Python docs • Grafana Tempo and Loki docs • vLLM metrics docs | H27: One trace links gateway, queue, and vLLM timings; logs searchable by trace ID in Loki | I27: LinkedIn: one trace screenshot following a request across layers | J27: =Overview!$B$4 -> 11 | K27: Not started
A28: 27 | B28: 4. Reliability & Observability | C28: =Overview!$B$3+7*(A28-1) -> 46482 | D28: =C28+6 -> 46488 | E28: Metrics, dashboards & alerting | F28: • kube-prometheus-stack via Argo CD; RED + USE methods • DCGM GPU exporter; Alertmanager routing • Dashboards as code (JSON in repo) | G28: • Prometheus docs • Grafana tutorials • NVIDIA DCGM exporter • Alertmanager docs | H28: Dashboards for latency, TTFT, tokens/s, queue depth, GPU util, KV-cache utilization, error rate, cost; alerts to Slack/email | I28: GitHub: commit dashboards-as-code LinkedIn: Grafana walkthrough, metrics you watch and why | J28: =Overview!$B$4 -> 11 | K28: Not started
A29: 28 | B29: 4. Reliability & Observability | C29: =Overview!$B$3+7*(A29-1) -> 46489 | D29: =C29+6 -> 46495 | E29: LLM observability | F29: • Self-host Langfuse; trace prompts, tokens, cost • Prompt versioning • PII redaction before logging | G29: • Langfuse docs • Arize Phoenix docs (alternative) | H29: Every request traced with tokens, latency, cost; PII scrubbed | I29: LinkedIn: what LLM observability showed that logs never did (tokens, cost, slow prompts) | J29: =Overview!$B$4 -> 11 | K29: Not started
A30: 29 | B30: 4. Reliability & Observability | C30: =Overview!$B$3+7*(A30-1) -> 46496 | D30: =C30+6 -> 46502 | E30: Evals as a CI gate | F30: • Golden dataset, LLM-as-judge, regression tests • Promptfoo or DeepEval in CI • Run nightly eval pipelines as Argo Workflows | G30: • Hamel Husain: Your AI product needs evals • promptfoo docs • Argo Workflows docs • AI Engineering (Huyen), evaluation chapters | H30: Eval suite blocks merges on regression; nightly Argo Workflow reports quality trend | I30: LinkedIn: 'Evals as a CI gate' with a screenshot of a blocked merge | J30: =Overview!$B$4 -> 11 | K30: Not started
A31: 30 | B31: 4. Reliability & Observability | C31: =Overview!$B$3+7*(A31-1) -> 46503 | D31: =C31+6 -> 46509 | E31: Load & soak testing | F31: • k6/Locust with streaming connections • Soak test for leaks; find saturation point • Identify the bottleneck and fix one | G31: • k6 docs • Locust docs • Brendan Gregg: USE method | H31: Load-test report: max concurrent streams within SLO, bottleneck, fix, before/after | I31: LinkedIn: draft of your key post, 'What broke at N concurrent streams' | J31: =Overview!$B$4 -> 11 | K31: Not started
A32: 31 | B32: 4. Reliability & Observability | C32: =Overview!$B$3+7*(A32-1) -> 46510 | D32: =C32+6 -> 46516 | E32: Resilience patterns | F32: • Timeouts, retries with jitter, circuit breakers, bulkheads • Load shedding and graceful degradation • Chaos: kill GPU pod mid-stream | G32: • AWS Builders' Library: timeouts, retries, backoff with jitter • Release It! (Nygard) • Google SRE book: handling overload | H32: Fallback to hosted provider when GPU fails; chaos test automated and passing | I32: LinkedIn: short video of the chaos test and graceful fallback | J32: =Overview!$B$4 -> 11 | K32: Not started
A33: 32 | B33: 4. Reliability & Observability | C33: =Overview!$B$3+7*(A33-1) -> 46517 | D33: =C33+6 -> 46523 | E33: SRE practice | F33: • Define SLIs/SLOs and error budgets • Burn-rate alerts via Alertmanager • Runbooks and a blameless postmortem | G33: • Google SRE Workbook: SLO chapters • PagerDuty incident response guide | H33: SLO doc, alerts, runbooks, and a postmortem of a failure you caused on purpose | I33: LinkedIn: a sanitized blameless postmortem of your own deliberate failure | J33: =Overview!$B$4 -> 11 | K33: Not started
A34: 33 | B34: 4. Reliability & Observability | C34: =Overview!$B$3+7*(A34-1) -> 46524 | D34: =C34+6 -> 46530 | E34: Security for LLM systems | F34: • Threat model: prompt injection, data leakage, abuse • Audit logging; Trivy Operator for in-cluster scanning; Falco for runtime alerts • HashiCorp Vault concepts; OWASP Top 10 for LLM Apps checklist | G34: • OWASP Top 10 for LLM Applications • Trivy Operator docs • Falco docs • HashiCorp Vault tutorials | H34: PROJECT 4: Threat model doc, fixes merged, runtime and image scanning active; platform v3 released | I34: LinkedIn: article 'Phase 4: running an LLM platform reliably' GitHub: release v3.0.0 | J34: =Overview!$B$4 -> 11 | K34: Not started
A35: 34 | B35: 5. Portfolio & Job Hunt | C35: =Overview!$B$3+7*(A35-1) -> 46531 | D35: =C35+6 -> 46537 | E35: Full-stack integration | F35: • Wire your Next.js chat UI to auth, streaming, retries • Deploy a public demo env with spend limits • Record a 3-minute demo video | G35: • Vercel AI SDK docs • Next.js deployment docs | H35: Live demo: UI + gateway + self-hosted model, with rate limits and cost caps | I35: LinkedIn: 3-minute demo video of the full platform with your UI; set as Featured GitHub: clean demo instructions | J35: =Overview!$B$4 -> 11 | K35: Not started | L35: Stretch (optional): Backstage golden-path template (see Tools Map) only if you are ahead of schedule.
A36: 35 | B36: 5. Portfolio & Job Hunt | C36: =Overview!$B$3+7*(A36-1) -> 46538 | D36: =C36+6 -> 46544 | E36: Public content & resume | F36: • Write 2 posts (e.g. what broke at 100 concurrent streams) • Rewrite resume around platform work with numbers (p95, tokens/s, $) • Update LinkedIn • C4 diagrams, 5+ ADRs, runbooks; polish READMEs for a hiring manager skimming in 2 minutes | G36: • Your own benchmark data • Levels.fyi / Glassdoor for pay ranges • C4 model site • adr.github.io | H36: 2 posts published; resume v2 with measured results; target titles on LinkedIn; architecture docs (C4, 5+ ADRs) | I36: LinkedIn: publish your 2 best posts as articles; update headline, About, Featured GitHub: profile README linking projects | J36: =Overview!$B$4 -> 11 | K36: Not started
A37: 36 | B37: 5. Portfolio & Job Hunt | C37: =Overview!$B$3+7*(A37-1) -> 46545 | D37: =C37+6 -> 46551 | E37: Interview prep & apply | F37: • System design: LLM serving platform, gateway, multi-tenant GPU • Kubernetes/Linux deep-dive questions; mock interviews • Apply to 20 roles and request internal transfer talks at EY | G37: • System Design Interview (Alex Xu) • AI Engineering (Huyen) • killer.sh CKA mock exams | H37: PROJECT 5: 3 practiced system designs, 20 applications sent, internal transfer conversation held | I37: LinkedIn: 'Open to AI platform roles' post with links to projects and demo Engage with 10 relevant posts this week | J37: =Overview!$B$4 -> 11 | K37: Not started

Sheet Production Bar
A1: Area | B1: Every project must have | C1: Check by week | D1: Status
A2: Code quality | B2: Lint, type checks, formatting enforced in CI; PR reviews even if solo (self-review checklist) | C2: Week 1 | D2: Not started
A3: Testing | B3: Unit + integration tests; coverage gate (80%+); tests run against real Postgres/Redis | C3: Week 5 | D3: Not started
A4: Security | B4: No secrets in repo; hashed keys; dependency + image scanning; least-privilege identities | C4: Week 15 | D4: Not started
A5: Infrastructure as code | B5: Everything reproducible with Terraform/Helm; no manual console changes | C5: Week 13 | D5: Not started
A6: Deployments | B6: Automated pipeline, staged environments, tested rollback, zero-downtime rollout | C6: Week 14 | D6: Not started
A7: Observability | B7: Structured logs, metrics, traces, dashboards in version control | C7: Week 27 | D7: Not started
A8: Reliability | B8: Timeouts, retries, fallback, rate limits, load-tested limits, SLOs with alerts | C8: Week 32 | D8: Not started
A9: Cost | B9: Cost per request/1M tokens tracked; billing alerts; teardown scripts | C9: Week 25 | D9: Not started
A10: Documentation | B10: README, architecture diagram, ADRs, runbooks, postmortem | C10: Week 35 | D10: Not started

Sheet Tools Map
A1: Category | B1: Tool | C1: Priority | D1: Week | E1: How you use it in this plan
A2: GitOps / CD | B2: Argo CD | C2: Must | D2: 14 | E2: Deploy everything from Git; app-of-apps, ApplicationSets
A3: GitOps / CD | B3: Argo Rollouts | C3: Must | D3: 23 | E3: Canary model versions with metric-based rollback
A4: Workflows | B4: Argo Workflows | C4: Should | D4: 29 | E4: Nightly eval and batch pipelines
A5: GitOps / CD | B5: Flux | C5: Awareness | D5: 14 | E5: Compare with Argo CD; know the trade-offs
A6: CI | B6: GitHub Actions | C6: Must | D6: 1, 14 | E6: Build, test, scan, push images
A7: CI | B7: Azure DevOps / GitLab CI / Jenkins | C7: Awareness | D7: 14 | E7: Port one pipeline to see differences; common in enterprises
A8: Packaging | B8: Helm | C8: Must | D8: 11 | E8: Chart for the gateway and platform components
A9: Packaging | B9: Kustomize | C9: Must | D9: 11 | E9: Per-environment overlays
A10: IaC | B10: Terraform | C10: Must | D10: 13 | E10: AKS, ACR, Postgres, identities
A11: IaC | B11: Checkov / tfsec | C11: Should | D11: 13 | E11: Block insecure infrastructure in CI
A12: IaC | B12: Atlantis / Terragrunt | C12: Should | D12: 13 | E12: PR-based plan/apply; DRY environments
... A40: GPU | B40: CUDA / Triton (language) | C40: Should | D40: 18 | E40: Write and profile one kernel to understand GPU performance

Sheet Build in Public
A1: Section | B1: Item | C1: Details
A2: Setup (Week 1) | B2: LinkedIn profile | C2: Headline: 'Senior Frontend Engineer -> AI Platform | Building LLM infra in public'. Pin a short About covering your stack and the 36-week project. Turn on Creator mode and add 3-5 topic hashtags.
A3: Setup (Week 1) | B3: GitHub profile | C3: Profile README linking projects; one public monorepo or 2-3 focused repos (gateway, infra, gitops). Pin the best 4. Use a professional photo and bio.
A4: Cadence | B4: Weekly rhythm | C4: Monday: post the week's goal (1-2 lines, optional). Friday: ship post with a screenshot, GIF, chart, or diagram. 30 minutes of reading and commenting on others' posts, daily is better.
A5: Cadence | B5: Phase recaps | C5: One long-form LinkedIn article at the end of each phase (weeks 8, 15, 25, 33) plus a tagged GitHub release.
A6: Post formats | B6: What works | C6: Before/after numbers, a mistake and its fix, a diagram, a short screen recording, a benchmark chart, a checklist. Lead with the result, then 3-5 short lines of what you learned.
A7: Post formats | B7: What to avoid | C7: Generic motivation, tutorial copy-paste, vague 'I learned Kubernetes' posts, tagging big names for attention.
A8: Your angle | B8: Frontend-to-infra story | C8: You already build AI chat UIs. Show the full path: the UI on top, the gateway and GPUs underneath. Few infra engineers can demo the whole stack.
A9: GitHub hygiene | B9: Every repo | C9: Clear README (problem, architecture diagram, how to run, results), LICENSE, tags/releases, CI badge, issues for your own roadmap, meaningful commit messages, small weekly commits.
A10: GitHub hygiene | B10: Proof of production grade | C10: Benchmarks folder, dashboards-as-code, runbooks, ADRs, SECURITY.md, postmortem, cost report. This is what separates you from tutorial repos.
A11: Safety | B11: Employer and secrets | C11: Never post EY or client code, data, architecture, or names. Use only your personal projects and public data. Check your employer's social media and side-project policy. Scrub secrets, keys, IPs, and cloud account IDs from screenshots and repos.
A12: Safety | B12: Cost and abuse | C12: Do not leave public demos unprotected: add rate limits, spend caps, and auth. Shut down GPU instances.
... A15: Measure | B15: Track monthly | C15: Profile views, search appearances, recruiter messages, GitHub stars/forks, and conversations started. Quality of conversations matters more than likes.
